benign Predicted label,benign  Actual label,benign MSE, 
0.51,0.615,0.011025
0.492,0.456,0.001296
0.506,0.331,0.030625
0.507,0.793,0.081796
0.468,0.649,0.032761
0.512,0.789,0.076729
0.527,0.874,0.120409
0.528,0.621,0.008649
0.528,0.071,0.208849
0.477,0.462,0.000225
0.504,0.832,0.107584
0.497,1.0,0.253009
0.528,0.757,0.052441
0.516,0.635,0.014161
0.525,0.0,0.275625
0.513,0.576,0.003969
0.525,0.738,0.045369
0.524,0.619,0.009025
0.509,0.637,0.016384
0.509,0.554,0.002025